time,latitude,longitude,depth,mag,magType,nst,gap,dmin,rms,net,id,updated,place,type,horizontalError,depthError,magError,magNst,status,locationSource,magSource
2025-02-20T20:01:03.500Z,19.13116667,-66.3835,23.89,3.14,md,10,271,0.8083,0.23,pr,pr71473128,2025-02-20T20:17:38.490Z,"73 km N of Brenas, Puerto Rico",earthquake,1.38,18.43,0.073510824,8,reviewed,pr,pr
2025-02-20T19:43:19.643Z,-20.2454,67.9602,10,4.9,mb,87,86,4.344,0.48,us,us7000pf2m,2025-02-20T20:01:39.040Z,Mid-Indian Ridge,earthquake,10.71,1.848,0.062,80,reviewed,us,us
2025-02-20T19:17:01.802Z,-3.3876,145.6133,10,4.9,mb,50,82,4.98,0.39,us,us7000pf2i,2025-02-20T19:45:02.040Z,"187 km ENE of Angoram, Papua New Guinea",earthquake,9.99,1.899,0.092,37,reviewed,us,us
2025-02-20T19:08:39.760Z,18.5305,-66.63083333,15.5,2.78,md,3,317,0.217,0.38,pr,pr71473123,2025-02-20T19:39:21.270Z,"9 km N of Animas, Puerto Rico",earthquake,3.17,2.08,0.046959876,3,reviewed,pr,pr
2025-02-20T17:52:38.686Z,36.6739,21.2966,10,4.2,mb,46,132,0.712,1.29,us,us7000pf23,2025-02-20T18:14:59.040Z,"39 km WSW of Methóni, Greece",earthquake,5.16,1.932,0.112,22,reviewed,us,us
2025-02-20T17:51:05.810Z,18.2308,-67.8871,119,3.82,md,24,177,0.5696,0.24,pr,pr2025051000,2025-02-20T18:28:40.040Z,"67 km SE of Punta Cana, Dominican Republic",earthquake,1.87,0.97,0.09,18,reviewed,pr,pr
2025-02-20T17:36:17.750Z,19.17683333,-155.7163333,9.46,2.68,ml,35,113,0.03327,0.26,hv,hv74619697,2025-02-20T20:25:55.765Z,"13 km NNE of Hawaiian Ocean View, Hawaii",earthquake,0.59,0.46,0.145774654,17,reviewed,hv,hv
2025-02-20T17:24:50.264Z,-22.4909,179.3257,571.068,4.9,mb,80,65,4.871,0.89,us,us7000pf1x,2025-02-20T17:57:02.040Z,south of the Fiji Islands,earthquake,13.17,7.621,0.039,205,reviewed,us,us
2025-02-20T17:22:42.202Z,52.7725,-162.9556,10,3.3,ml,18,230,2.019,1.12,us,us7000pf1w,2025-02-20T17:49:04.040Z,"233 km S of False Pass, Alaska",earthquake,6.32,2.012,0.081,20,reviewed,us,us
2025-02-20T17:21:51.316Z,38.7754,-119.6133,8.9,3,ml,24,55.81,0.078,0.1352,nn,nn00893750,2025-02-20T19:42:32.324Z,"9 km SSE of Carter Springs, Nevada",earthquake,,1,0.56,6,reviewed,nn,nn
2025-02-20T16:48:17.487Z,53.6244,-160.1678,9.6,3.9,ml,,,,0.54,ak,ak0252cm7ytg,2025-02-20T17:26:13.673Z,"191 km S of Sand Point, Alaska",earthquake,,1.6,,,reviewed,ak,ak
2025-02-20T16:06:35.630Z,36.66433334,-121.3063354,3.930000067,2.53,md,43,57,0.05378,0.24,nc,nc75136627,2025-02-20T16:46:50.264Z,"14 km S of Tres Pinos, CA",earthquake,0.32,1.05999994,0.11,45,automatic,nc,nc
2025-02-20T15:55:10.580Z,46.73866666666667,-121.127,7.21,2.62,ml,64,42,0.2079,0.22,uw,uw62076616,2025-02-20T18:38:43.800Z,"16 km WSW of Nile, Washington",earthquake,0.29,0.45,0.2098160068650632,49,reviewed,uw,uw
2025-02-20T15:41:05.412Z,54.3779,-118.4885,10,4.7,mb,83,47,0.629,0.85,us,us7000peye,2025-02-20T20:07:43.092Z,"69 km NE of Grande Cache, Canada",earthquake,4.81,1.72,0.038,208,reviewed,us,us
2025-02-20T14:48:12.880Z,41.56266667,-109.863,-2.79,3.25,ml,15,157,0.1123,0.24,uu,uu80102416,2025-02-20T15:13:56.090Z,"2 km N of Little America, Wyoming",earthquake,0.74,1.22,0.299034068,17,reviewed,uu,uu
2025-02-20T13:13:46.660Z,35.4914,138.907,33.022,4.5,mb,38,114,1.191,0.85,us,us7000pexw,2025-02-20T19:54:43.893Z,"5 km NE of Oshino, Japan",earthquake,6.2,6.345,0.094,33,reviewed,us,us
2025-02-20T12:39:17.556Z,-56.7182,-26.4034,94.224,5.2,mb,44,137,6.227,0.8,us,us7000pexs,2025-02-20T12:56:19.040Z,South Sandwich Islands region,earthquake,14.56,8.328,0.072,64,reviewed,us,us
2025-02-20T11:52:37.604Z,38.492,-118.4834,7.8,3.2,ml,25,44.75999999999999,0.14,0.1438,nn,nn00893734,2025-02-20T17:47:35.164Z,"12 km ESE of Hawthorne, Nevada",earthquake,,1.8,0.15,13,reviewed,nn,nn
2025-02-20T11:51:51.258Z,-3.3912,130.8063,52.053,4.9,mb,77,52,1.439,0.83,us,us7000pexm,2025-02-20T12:44:20.040Z,"173 km WSW of Fakfak, Indonesia",earthquake,6.94,7.519,0.068,68,reviewed,us,us
2025-02-20T11:30:53.613Z,-42.948,-82.6629,10,5.4,mww,26,160,6.951,1.25,us,us7000pexi,2025-02-20T17:42:52.677Z,West Chile Rise,earthquake,11.52,1.941,0.052,36,reviewed,us,us
2025-02-20T11:08:15.380Z,18.109,-67.28,16.23,2.72,md,8,288,0.1676,0.23,pr,pr71473093,2025-02-20T11:30:10.650Z,"10 km WNW of Puerto Real, Puerto Rico",earthquake,1.52,0.67,0.020493668,4,reviewed,pr,pr
2025-02-20T10:31:20.208Z,-15.4151,-173.8496,103.467,5.6,mww,64,37,2.499,1.27,us,us7000pexc,2025-02-20T18:57:06.040Z,"59 km N of Hihifo, Tonga",earthquake,7.75,6.179,0.073,18,reviewed,us,us
2025-02-20T10:11:34.490Z,18.56166667,-66.6795,18.18,2.73,md,17,211,0.1071,0.26,pr,pr71473078,2025-02-20T10:32:14.110Z,"10 km NNE of Arecibo, Puerto Rico",earthquake,0.8,0.51,0.123276311,9,reviewed,pr,pr
2025-02-20T10:03:58.890Z,0.3967,121.9649,148.828,4.9,mb,54,77,1.38,0.85,us,us7000pex6,2025-02-20T10:18:56.040Z,"123 km W of Gorontalo, Indonesia",earthquake,5.62,7.04,0.09,39,reviewed,us,us
2025-02-20T09:46:00.430Z,18.57333333,-66.67016667,22.17,3.04,md,26,204,0.1217,0.22,pr,pr71473068,2025-02-20T10:37:15.420Z,"12 km NNE of Arecibo, Puerto Rico",earthquake,0.69,0.89,0.053023582,11,reviewed,pr,pr
2025-02-20T07:00:27.020Z,40.3504982,-124.7993317,-0.270000011,2.81,md,27,255,0.3547,0.49,nc,nc75136462,2025-02-20T07:22:16.686Z,"44 km WNW of Petrolia, CA",earthquake,7.31,11.8299999,0.12,17,automatic,nc,nc
2025-02-20T06:22:04.408Z,-19.7037,-69.3127,116.042,4.8,mww,59,89,0.117,1.19,us,us7000pewh,2025-02-20T17:53:50.673Z,"44 km SSE of Camiña, Chile",earthquake,6.37,5.942,0.066,22,reviewed,us,us
2025-02-20T04:36:49.933Z,-33.4049,-178.9117,52.813,5,mb,27,166,4.216,1.27,us,us7000pew5,2025-02-20T04:56:46.040Z,south of the Kermadec Islands,earthquake,12.84,10.876,0.118,23,reviewed,us,us
2025-02-20T04:05:30.286Z,65.417,-148.235,10.4,3.1,ml,,,,0.65,ak,ak0252cetkis,2025-02-20T04:22:15.040Z,"18 km SE of Livengood, Alaska",earthquake,,0.3,,,automatic,ak,ak
2025-02-20T03:21:30.695Z,-20.4402,68.2771,10,5,mb,52,83,4.662,0.66,us,us7000pevy,2025-02-20T03:55:17.040Z,Mid-Indian Ridge,earthquake,10.37,1.87,0.086,43,reviewed,us,us
2025-02-20T03:19:41.432Z,4.9933,94.7501,70.163,5.3,mb,124,123,2.201,0.76,us,us7000pevu,2025-02-20T03:37:53.040Z,"88 km SW of Banda Aceh, Indonesia",earthquake,9.38,6.818,0.052,123,reviewed,us,us
2025-02-20T02:27:14.761Z,65.3547,-148.2133,8.3,2.8,ml,,,,0.42,ak,ak0252cdrdv8,2025-02-20T02:36:55.040Z,"24 km SE of Livengood, Alaska",earthquake,,0.2,,,automatic,ak,ak
2025-02-20T01:38:05.686Z,31.629,-104.512,6.0999,2.5,ml,30,75,0,0.1,tx,tx2025dnmk,2025-02-20T13:37:47.154Z,"61 km SSW of Whites City, New Mexico",earthquake,1.0830157020479736,0.5476258920089083,0.2,42,reviewed,tx,tx
2025-02-20T00:56:50.978Z,37.1404,136.1208,305.552,4.8,mb,85,55,1.773,0.71,us,us7000pev7,2025-02-20T01:19:39.040Z,"65 km WNW of Hakui, Japan",earthquake,8.48,7.168,0.036,233,reviewed,us,us
2025-02-19T23:25:57.220Z,38.8611,142.4166,67.764,4.3,mb,41,142,2.189,0.67,us,us7000peuz,2025-02-19T23:44:04.040Z,"65 km ESE of Ōfunato, Japan",earthquake,8.67,7.675,0.098,30,reviewed,us,us
2025-02-19T20:19:15.080Z,18.0575,-66.8395,11.95,2.62,md,13,112,0.09031,0.15,pr,pr71473043,2025-02-19T20:32:12.320Z,"2 km NNE of Yauco, Puerto Rico",earthquake,0.38,0.64,0.192241987,7,reviewed,pr,pr
2025-02-19T20:11:57.291Z,58.166,-156.322,8.5,3,ml,,,,0.56,ak,ak0252b0ui5s,2025-02-19T21:28:26.427Z,"61 km SSE of King Salmon, Alaska",earthquake,,0.2,,,reviewed,ak,ak
2025-02-19T20:05:16.510Z,37.18466667,-112.891,18.88,2.5,ml,22,78,0.1766,0.15,uu,uu80102376,2025-02-19T21:17:53.040Z,"9 km E of Springdale, Utah",earthquake,0.36,0.76,0.229900266,13,reviewed,uu,uu
2025-02-19T19:49:50.270Z,19.03616667,-155.43,35.82,3.06,ml,56,207,0.1224,0.11,hv,hv74619337,2025-02-19T21:10:39.040Z,"16 km ESE of Naalehu, Hawaii",earthquake,0.41,0.57,0.141783713,42,reviewed,hv,hv
2025-02-19T18:15:58.051Z,3.7922,127.9173,151.464,4.4,mb,57,70,2.605,0.63,us,us7000perp,2025-02-19T19:22:06.040Z,"228 km N of Tobelo, Indonesia",earthquake,8.5,6.038,0.089,36,reviewed,us,us
2025-02-19T17:15:28.723Z,-4.025,152.9612,72.222,4.7,mb,33,198,0.813,0.74,us,us7000perj,2025-02-19T17:58:10.040Z,"84 km ENE of Kokopo, Papua New Guinea",earthquake,10.86,9.159,0.104,28,reviewed,us,us
2025-02-19T16:06:06.091Z,-52.4694,-72.3686,10,4.4,mb,15,217,0.623,0.96,us,us7000perb,2025-02-20T02:14:55.040Z,"82 km S of Puerto Natales, Chile",earthquake,7.14,1.959,0.155,12,reviewed,us,us
2025-02-19T15:48:52.920Z,42.275,-124.283,-0.58,2.9,ml,16,81,0.06109,0.26,uw,uw62076486,2025-02-20T02:20:29.040Z,"9 km E of Pistol River, Oregon",earthquake,0.45,0.58,0.16300498635944893,10,reviewed,uw,uw
2025-02-19T15:14:17.711Z,44.2081,-115.0997,16.899,2.8,ml,42,71,0.209,0.68,us,us7000per6,2025-02-20T02:30:31.811Z,"12 km W of Stanley, Idaho",earthquake,1.87,7.09,0.043,72,reviewed,us,us
2025-02-19T14:30:18.830Z,19.45083333,-67.81566667,30.36,3.27,md,9,250,1.074,0.23,pr,pr71473033,2025-02-19T19:27:17.497Z,"114 km NNE of Punta Cana, Dominican Republic",earthquake,1.64,15.92,0.166644349,5,reviewed,pr,pr
2025-02-19T14:26:26.501Z,69.5173,-144.6077,7,3.2,ml,,,,0.73,ak,ak0252axd1wu,2025-02-19T21:09:12.087Z,"78 km SSW of Kaktovik, Alaska",earthquake,,0.3,,,reviewed,ak,ak
2025-02-19T14:21:27.740Z,18.8375,-67.3281,8,3.39,md,19,211,0.4289,0.38,pr,pr2025050000,2025-02-19T15:37:28.898Z,"45 km NNW of San Antonio, Puerto Rico",earthquake,1.18,1.32,0.14,11,reviewed,pr,pr
2025-02-19T14:16:36.231Z,64.6755,-149.6348,30.1,3.6,ml,,,,0.76,ak,ak0252axaxek,2025-02-19T22:12:44.549Z,"25 km WNW of Four Mile Road, Alaska",earthquake,,0.3,,,reviewed,ak,ak
2025-02-19T13:59:08.861Z,56.9455,-155.6811,75.2,2.5,ml,,,,0.35,ak,ak0252awynhi,2025-02-19T14:01:00.246Z,"91 km W of Akhiok, Alaska",earthquake,,1.6,,,automatic,ak,ak
2025-02-19T13:50:10.907Z,-21.876,-176.4864,251.037,4.6,mb,32,127,6.581,0.79,us,us7000peqm,2025-02-19T14:27:04.040Z,"145 km WSW of Houma, Tonga",earthquake,14.28,11.195,0.105,28,reviewed,us,us
2025-02-19T10:13:45.185Z,69.6801,-144.21,14.2,3,ml,,,,1.07,ak,ak0252auwki5,2025-02-19T10:17:59.056Z,"55 km SSW of Kaktovik, Alaska",earthquake,,0.6,,,automatic,ak,ak
2025-02-19T10:05:54.217Z,-6.7325,128.4201,271.954,4.8,mb,55,71,2.646,0.65,us,us7000pepy,2025-02-19T10:27:40.040Z,"252 km NE of Lospalos, Timor Leste",earthquake,9.69,7.624,0.077,52,reviewed,us,us
2025-02-19T09:25:03.918Z,34.3127,-111.0201,11.046,3,ml,16,65,0.364,0.81,us,us7000peps,2025-02-20T18:10:47.324Z,"0 km SW of Christopher Creek, Arizona",earthquake,1.38,7.44,0.046,62,reviewed,us,us
2025-02-19T07:09:49.968Z,55.8,-159.41,74.6,4.7,ml,,,,0.43,ak,ak0252at3f6f,2025-02-20T08:03:38.188Z,"12 km SSE of Ivanof Bay, Alaska",earthquake,,0.3,,,reviewed,ak,ak
2025-02-19T06:46:16.395Z,-19.3244,-70.1834,55.362,4.6,mb,50,135,0.96,0.99,us,us7000pep7,2025-02-19T18:32:15.417Z,"18 km S of Cuya, Chile",earthquake,5.71,6.378,0.06,83,reviewed,us,us
2025-02-19T05:57:09.580Z,18.49933333,-67.07433333,20.88,2.83,md,19,183,0.04686,0.14,pr,pr71472993,2025-02-19T06:13:02.800Z,"2 km ENE of San Antonio, Puerto Rico",earthquake,0.48,0.52,0.067400296,7,reviewed,pr,pr
2025-02-19T05:40:18.411Z,-26.2162,-70.9922,29.153,4.4,mb,25,165,0.36,0.82,us,us7000penw,2025-02-19T05:50:59.040Z,"96 km WNW of Diego de Almagro, Chile",earthquake,6.66,7.202,0.134,16,reviewed,us,us
2025-02-19T04:38:05.461Z,-3.3649,131.0643,10,5.1,mww,42,60,1.263,0.79,us,us7000penq,2025-02-19T04:49:22.040Z,"145 km WSW of Fakfak, Indonesia",earthquake,2.79,1.884,0.11,8,reviewed,us,us
2025-02-19T04:13:15.019Z,36.6837,25.5996,8.693,4,mb,17,100,1.507,0.8,us,us7000penp,2025-02-19T04:32:47.040Z,"28 km E of Íos, Greece",earthquake,5.71,5.734,0.184,8,reviewed,us,us
2025-02-19T04:10:00.080Z,19.03483333,-155.432,36.33,3.53,ml,46,206,0.1233,0.11,hv,hv74618967,2025-02-20T04:20:04.028Z,"15 km ESE of Naalehu, Hawaii",earthquake,0.55,0.75,0.167916586,34,reviewed,hv,hv
2025-02-19T02:49:44.172Z,-9.0615,152.799,10,5.6,mww,80,41,4.879,1.04,us,us7000penh,2025-02-20T15:58:42.430Z,"290 km NE of Samarai, Papua New Guinea",earthquake,5.8,1.599,0.069,20,reviewed,us,us
2025-02-19T01:45:45.940Z,38.39633333,-122.6226667,9.52,2.68,md,130,29,0.03246,0.12,nc,nc75135942,2025-02-20T03:03:03.040Z,"7 km W of Kenwood, CA",earthquake,0.1,0.22,0.167,146,reviewed,nc,nc
2025-02-19T00:03:34.634Z,-19.4953,-176.7838,350.349,4.3,mb,31,98,4.733,0.65,us,us7000pemr,2025-02-19T06:05:55.040Z,"241 km NW of Houma, Tonga",earthquake,11.58,7.735,0.106,25,reviewed,us,us
2025-02-19T00:01:03.536Z,-3.2245,131.0173,10,4.3,mb,10,100,1.267,0.32,us,us7000pemp,2025-02-19T05:16:08.040Z,"146 km WSW of Fakfak, Indonesia",earthquake,5.71,1.651,0.154,13,reviewed,us,us
2025-02-18T23:39:10.146Z,-3.3688,131.0119,10,5.7,mww,116,16,1.313,0.71,us,us7000pemi,2025-02-20T01:49:44.988Z,"151 km WSW of Fakfak, Indonesia",earthquake,4.33,1.725,0.08,15,reviewed,us,us
2025-02-18T23:34:33.923Z,-8.734,122.7566,175.736,4.3,mb,38,106,0.522,0.43,us,us7000pemg,2025-02-19T03:33:29.040Z,"61 km ESE of Maumere, Indonesia",earthquake,7.8,5.203,0.116,21,reviewed,us,us
2025-02-18T22:56:26.730Z,40.29100037,-124.5479965,15.80000019,2.75,md,18,280,0.1571,0.09,nc,nc75135877,2025-02-18T23:27:15.926Z,"23 km W of Petrolia, CA",earthquake,2.09,0.460000008,0.18,19,automatic,nc,nc
2025-02-18T20:49:58.378Z,60.7795,-149.3198,24.1,2.8,ml,,,,0.59,ak,ak02529djawn,2025-02-19T21:21:41.201Z,"13 km SSE of Sunrise, Alaska",earthquake,,0.5,,,automatic,ak,ak
2025-02-18T20:41:53.650Z,35.3403333,-117.8001667,7.54,2.83,ml,51,36,0.08177,0.17,ci,ci40188442,2025-02-19T17:50:29.190Z,"15 km WSW of Johannesburg, CA",earthquake,0.17,0.62,0.165,90,reviewed,ci,ci
2025-02-18T20:40:39.307Z,10.2222,-85.7528,18.156,4.4,mb,46,202,0.765,1.08,us,us7000pel7,2025-02-19T21:50:49.665Z,"12 km SE of Tamarindo, Costa Rica",earthquake,4.51,5.376,0.09,35,reviewed,us,us
2025-02-18T20:24:55.385Z,37.459,-114.5909,2,2.9,ml,21,85.44,0.369,0.1507,nn,nn00893657,2025-02-18T23:45:30.813Z,"18 km SSW of Caliente, Nevada",earthquake,,1.9,0.45,13,reviewed,nn,nn
2025-02-18T19:46:25.434Z,0.6246,122.3277,110.371,4.5,mb,35,66,1.62,1.19,us,us7000pekt,2025-02-18T20:11:20.040Z,"82 km W of Gorontalo, Indonesia",earthquake,6.93,8.384,0.112,23,reviewed,us,us
2025-02-18T19:36:08.391Z,40.5818,141.2265,93.748,4.3,mb,30,151,0.241,0.85,us,us7000pekr,2025-02-18T20:03:11.040Z,"4 km SSE of Towada, Japan",earthquake,10.58,5.2,0.137,15,reviewed,us,us
2025-02-18T19:29:33.100Z,-11.9393,112.3419,10,4.3,mb,31,96,3.88,0.77,us,us7000pekn,2025-02-18T19:57:00.040Z,"south of Java, Indonesia",earthquake,8.58,1.918,0.138,15,reviewed,us,us
2025-02-18T18:51:53.337Z,-6.0889,130.7765,117.291,4.9,mww,80,49,1.782,0.66,us,us7000pekj,2025-02-18T19:12:36.040Z,"224 km WSW of Tual, Indonesia",earthquake,8.1,6.706,0.08,15,reviewed,us,us
2025-02-18T18:02:20.630Z,19.72533333,-65.399,20.19,3.36,md,14,265,1.415,0.18,pr,pr71472983,2025-02-18T19:25:26.040Z,"151 km NNE of Vieques, Puerto Rico",earthquake,0.93,17.33,0.041593591,4,reviewed,pr,pr
2025-02-18T17:54:07.030Z,47.175333333333334,-121.4936667,8.71,3.04,ml,138,30,0.2082,0.25,uw,uw62076406,2025-02-19T14:27:24.905Z,"12 km E of Greenwater, Washington",earthquake,0.19,0.6,0.18177346556712615,97,reviewed,uw,uw
2025-02-18T17:22:14.851Z,57.1739,-157.6232,6.4,2.6,ml,,,,0.6,ak,ak02529bl4dp,2025-02-18T19:47:35.040Z,"40 km SSW of Ugashik, Alaska",earthquake,,0.2,,,automatic,ak,ak
2025-02-18T17:18:44.593Z,-26.1821,-71.2022,10,5.6,mww,85,116,0.543,0.91,us,us7000peiq,2025-02-19T19:33:14.040Z,"111 km SW of Taltal, Chile",earthquake,4.88,1.837,0.066,22,reviewed,us,us
2025-02-18T17:00:48.226Z,-11.3172,-74.8217,94.254,5,mb,69,77,2.089,0.86,us,us7000pein,2025-02-18T17:18:32.040Z,"12 km NW of Mariposa, Peru",earthquake,7.76,2.873,0.038,227,reviewed,us,us
2025-02-18T16:54:31.553Z,37.9323,21.0562,10,4.8,mww,183,19,1.021,0.65,us,us7000peij,2025-02-18T18:08:42.895Z,"7 km W of Kyllíni, Greece",earthquake,4.57,1.799,0.06,27,reviewed,us,us
2025-02-18T13:36:08.651Z,65.2357,-168.3557,10,3,ml,21,162,0.372,0.84,us,us7000pehq,2025-02-18T16:23:52.040Z,"43 km SSW of Wales, Alaska",earthquake,3.02,1.947,0.097,14,reviewed,us,us
2025-02-18T12:56:43.370Z,31.6008333,-115.973,6.16,3.03,ml,17,80,0.2639,0.15,ci,ci40188098,2025-02-19T12:54:12.040Z,"58 km ESE of Maneadero, B.C., MX",earthquake,0.19,1.06,0.192,24,reviewed,ci,ci
2025-02-18T12:16:28.873Z,31.711,-104.502,3.8953,4.7,ml,6,110,0,0.1,tx,tx2025dkql,2025-02-20T12:26:39.754Z,"52 km SSW of Whites City, New Mexico",earthquake,0.5980317782578974,1.1220820869052264,0.1,18,reviewed,tx,tx
2025-02-18T09:40:48.370Z,31.633,-104.503,6.2024,2.5,ml,24,74,0,0.2,tx,tx2025dkli,2025-02-18T16:34:01.051Z,"61 km S of Whites City, New Mexico",earthquake,0.8788135165217866,0.46104979,0.2,18,reviewed,tx,tx
2025-02-18T09:08:47.463Z,-10.8101,-76.8726,92.749,4.4,mb,48,159,1.17,0.62,us,us7000pegn,2025-02-19T09:22:45.040Z,"4 km ESE of Andajes, Peru",earthquake,8.1,8.303,0.086,39,reviewed,us,us
2025-02-18T08:58:08.350Z,31.656,-104.296,6.3177,3.4,ml,35,68,0,0.1,tx,tx2025dkjx,2025-02-19T09:20:06.950Z,"58 km S of Whites City, New Mexico",earthquake,0.4787718481715433,0.5502233144406692,0.2,34,reviewed,tx,tx
2025-02-18T08:26:50.940Z,39.82149887,-122.0343323,0.899999976,2.56,md,10,98,0.1199,0.1,nc,nc75135562,2025-02-18T09:07:18.223Z,"9 km  of Hamilton City, CA",earthquake,0.37,9.96000004,0.11,21,automatic,nc,nc
2025-02-18T08:22:02.423Z,59.8209,-152.8666,105.8,2.9,ml,,,,0.23,ak,ak02529686y1,2025-02-19T07:56:29.040Z,"58 km W of Anchor Point, Alaska",earthquake,,0.6,,,automatic,ak,ak
2025-02-18T07:49:45.310Z,40.431,-125.1566667,10,3.06,ml,76,257,0.622,0.22,nc,nc75135537,2025-02-18T09:27:18.365Z,"75 km WNW of Petrolia, CA",earthquake,1.51,31.61,0.112,8,reviewed,nc,nc
2025-02-18T07:38:12.856Z,-62.8861,151.2598,10,4.9,mb,28,111,9.305,0.74,us,us7000peg4,2025-02-19T07:51:15.040Z,Balleny Islands region,earthquake,8.28,1.8,0.129,23,reviewed,us,us
2025-02-18T06:08:09.482Z,36.6343,25.6027,10,5.1,mb,88,26,1.463,0.91,us,us7000pefy,2025-02-18T06:26:42.040Z,"27 km NE of Oía, Greece",earthquake,5.53,1.835,0.037,232,reviewed,us,us
2025-02-18T05:58:28.589Z,-21.5574,-173.9999,10,5.1,mb,20,146,4.55,0.55,us,us7000pefw,2025-02-18T06:16:46.040Z,"102 km ESE of ‘Ohonua, Tonga",earthquake,12.1,1.963,0.134,18,reviewed,us,us
2025-02-18T05:50:16.510Z,35.0363333,-116.984,1.9,3.15,ml,40,53,0.1613,0.13,ci,ci40188018,2025-02-19T11:03:14.942Z,"16 km NNE of Barstow, CA",earthquake,0.13,0.38,0.18,43,reviewed,ci,ci
2025-02-18T04:46:52.332Z,36.5641,25.8397,10,5.1,mww,76,58,1.489,1.06,us,us7000pefq,2025-02-18T06:25:32.182Z,"30 km S of Amorgós, Greece",earthquake,3.72,1.693,0.052,36,reviewed,us,us
2025-02-18T04:33:27.041Z,-7.4141,121.0484,554.543,4.3,mb,66,43,1.691,0.66,us,us7000pefp,2025-02-18T05:18:22.040Z,"147 km NNE of Ruteng, Indonesia",earthquake,10.35,6.563,0.084,40,reviewed,us,us
2025-02-18T02:54:08.564Z,36.5703,25.8164,10,4.6,mb,69,60,1.484,1,us,us7000peff,2025-02-18T03:17:50.040Z,"29 km SSW of Amorgós, Greece",earthquake,3.36,1.794,0.07,61,reviewed,us,us
2025-02-18T02:01:40.914Z,31.697,-104.164,5.9332,2.9,ml,27,64,0.1,0.1,tx,tx2025djwf,2025-02-18T13:51:31.000Z,"53 km W of Mentone, Texas",earthquake,0.4978760112780236,0.6519745267068333,0.2,56,reviewed,tx,tx
2025-02-18T00:38:49.105Z,43.8457,147.1674,67.575,4.7,mb,58,135,3.313,0.66,us,us7000peem,2025-02-19T03:19:03.040Z,"36 km E of Shikotan, Russia",earthquake,9.67,7.692,0.055,101,reviewed,us,us
2025-02-18T00:27:26.571Z,-17.9157,-177.5578,416.516,4.5,mb,38,79,3.266,0.62,us,us7000peek,2025-02-19T03:07:55.040Z,Fiji region,earthquake,14.99,10.124,0.104,27,reviewed,us,us
2025-02-18T00:16:37.795Z,-6.2892,127.593,414.13,4.2,mb,61,43,2.894,0.71,us,us7000peeh,2025-02-19T02:34:49.040Z,"255 km NNE of Lospalos, Timor Leste",earthquake,11.09,8.525,0.089,35,reviewed,us,us
2025-02-17T23:57:27.978Z,-5.3683,153.3073,72.292,4.4,mb,13,222,1.633,0.39,us,us7000pedu,2025-02-19T01:56:46.040Z,"161 km SE of Kokopo, Papua New Guinea",earthquake,15.05,15.204,0.162,11,reviewed,us,us
2025-02-17T23:27:39.165Z,31.678,-104.098,6.4972,2.5,ml,39,72,0,0.1,tx,tx2025djrf,2025-02-19T01:33:08.040Z,"47 km W of Mentone, Texas",earthquake,0.3043658334560708,0.4001053715950216,0.2,37,reviewed,tx,tx
2025-02-17T21:49:16.099Z,27.097,140.2785,438.707,4.2,mb,71,61,1.699,0.67,us,us7000pecw,2025-02-19T01:09:19.040Z,"Bonin Islands, Japan region",earthquake,11.85,7.496,0.046,131,reviewed,us,us
2025-02-17T21:30:31.422Z,-0.5363,-81.1411,31.727,4,mb,17,195,2.572,1,us,us7000pecc,2025-02-19T00:24:38.040Z,"67 km NW of Manta, Ecuador",earthquake,8.69,11.501,0.366,2,reviewed,us,us
2025-02-17T19:56:26.127Z,13.7486,-90.7645,80.799,4.4,mb,46,155,0.82,1.01,us,us7000pebq,2025-02-17T23:05:20.143Z,"20 km SSE of Puerto San José, Guatemala",earthquake,7.07,8.24,0.072,55,reviewed,us,us
2025-02-17T19:32:15.996Z,55.3463,-161.8329,118.918,3.3,ml,26,180,1.035,1.05,us,us7000pebl,2025-02-17T19:46:11.295Z,"44 km NE of King Cove, Alaska",earthquake,9.2,13.795,0.074,24,reviewed,us,us
2025-02-17T19:22:48.190Z,19.06116667,-155.3556667,33.17,2.84,ml,52,206,0.1375,0.12,hv,hv74617917,2025-02-18T19:17:56.310Z,"20 km SE of Pāhala, Hawaii",earthquake,0.6,0.66,0.173909422,40,reviewed,hv,hv
2025-02-17T19:18:20.132Z,-17.6714,-178.6833,542.45,4.6,mb,65,77,2.208,0.8,us,us7000pebj,2025-02-17T19:34:03.040Z,"216 km ENE of Levuka, Fiji",earthquake,12.99,8.364,0.054,103,reviewed,us,us
2025-02-17T18:59:50.100Z,18.6595,-66.87766667,15.99,2.73,md,14,248,0.2925,0.19,pr,pr71472948,2025-02-17T19:17:24.170Z,"19 km N of Camuy, Puerto Rico",earthquake,0.61,0.67,0.080167251,12,reviewed,pr,pr
2025-02-17T18:50:22.980Z,19.07,-155.3628333,34.37,2.86,ml,44,203,0.1266,0.12,hv,hv74617882,2025-02-18T19:05:58.630Z,"19 km SE of Pāhala, Hawaii",earthquake,0.83,0.77,0.155742686,33,reviewed,hv,hv
2025-02-17T18:25:51.807Z,72.1748,-159.4952,10,3.8,mb,29,100,3.086,0.54,us,us7000peb9,2025-02-18T07:19:18.605Z,"136 km NW of Barrow, Alaska",earthquake,9.02,1.93,0.228,5,reviewed,us,us
2025-02-17T18:03:29.068Z,-6.2738,128.361,338.534,4.2,mb,35,56,2.321,0.51,us,us7000peb1,2025-02-17T18:22:27.040Z,"285 km S of Ambon, Indonesia",earthquake,8.86,8.008,0.113,22,reviewed,us,us
2025-02-17T18:00:35.910Z,18.8535,-65.30016667,52.79,3.41,md,17,253,0.5434,0.26,pr,pr71472938,2025-02-17T18:49:18.770Z,"60 km N of Culebra, Puerto Rico",earthquake,2.25,3.96,0.093472966,12,reviewed,pr,pr
2025-02-17T17:49:37.480Z,32.267,-115.0941667,12.91,2.8,ml,20,69,0.03896,0.31,ci,ci40187722,2025-02-18T20:51:11.300Z,"2 km SSE of Guadalupe Victoria, B.C., MX",earthquake,0.51,0.84,0.274,12,reviewed,ci,ci
2025-02-17T17:01:45.956Z,-37.8509,-72.6939,61.858,4.4,mb,33,112,1.64,0.63,us,us7000pe9i,2025-02-17T17:21:51.040Z,"6 km SSE of Angol, Chile",earthquake,3.82,9.238,0.189,8,reviewed,us,us
2025-02-17T16:34:08.338Z,-15.6964,-69.4307,255.919,4.7,mb,100,119,2.799,0.76,us,us7000pe99,2025-02-17T16:58:52.040Z,"24 km S of Putina, Peru",earthquake,9.84,7.7,0.044,153,reviewed,us,us
2025-02-17T15:49:04.059Z,36.6008,25.7873,10,4.3,mwr,57,89,1.499,0.57,us,us7000pe91,2025-02-17T16:30:06.040Z,"27 km SSW of Amorgós, Greece",earthquake,5.32,1.912,0.073,18,reviewed,us,us
2025-02-17T15:48:19.729Z,6.7823,-73.0089,155.585,4.6,mb,50,90,0.887,0.72,us,us7000pe90,2025-02-17T16:04:56.040Z,"4 km NW of Cepitá, Colombia",earthquake,7.54,7.947,0.042,170,reviewed,us,us
2025-02-17T15:41:23.873Z,38.2737,38.7531,10.678,4.3,mwr,47,84,0.881,0.54,us,us7000pe8y,2025-02-17T16:19:52.040Z,"24 km W of Doğanyol, Turkey",earthquake,4.56,4.962,0.049,40,reviewed,us,us
2025-02-17T15:24:11.320Z,40.35433197,-124.7354965,21.54000092,2.77,md,10,281,0.3075,0.06,nc,nc75135187,2025-02-17T15:47:24.209Z,"38 km WNW of Petrolia, CA",earthquake,3.06,4.51000023,0.1,6,automatic,nc,nc
2025-02-17T14:05:39.988Z,36.4962,25.58,10,4.3,mwr,57,58,1.33,0.74,us,us7000pe8q,2025-02-17T15:55:21.040Z,"15 km ENE of Firá, Greece",earthquake,5.39,1.887,0.071,19,reviewed,us,us
2025-02-17T13:46:54.760Z,66.8015,-147.4569,1.9,3,ml,,,,0.66,ak,ak02527lt9qc,2025-02-18T15:32:14.040Z,"49 km N of Beaver, Alaska",earthquake,,0.3,,,automatic,ak,ak
2025-02-17T13:24:04.466Z,38.5878,-9.1875,10,4.8,mb,59,86,1.28,0.66,us,us7000pe8k,2025-02-20T09:58:47.051Z,"3 km S of Charneca de Caparica, Portugal",earthquake,5.29,1.858,0.056,98,reviewed,us,us
2025-02-17T13:18:47.288Z,31.8421,138.109,353.279,4.3,mb,66,88,1.92,0.71,us,us7000pe8i,2025-02-17T13:45:25.040Z,"283 km SE of Kushimoto, Japan",earthquake,9.22,7.529,0.045,137,reviewed,us,us
2025-02-17T12:30:17.073Z,54.5041,-161.7722,21.2,2.5,ml,,,,0.27,ak,ak02527l4bgk,2025-02-17T18:17:16.446Z,"71 km SSE of King Cove, Alaska",earthquake,,0.3,,,reviewed,ak,ak
2025-02-17T11:45:21.400Z,19.15233333,-155.5028333,33.63,2.62,ml,42,138,0.03862,0.1,hv,hv74617707,2025-02-18T19:34:10.690Z,"6 km SSW of Pāhala, Hawaii",earthquake,0.51,0.46,0.166921482,33,reviewed,hv,hv
2025-02-17T10:41:18.849Z,-8.4692,118.3875,128.095,4.2,mb,16,119,0.701,0.8,us,us7000pe87,2025-02-17T12:37:34.040Z,"11 km NW of Dompu, Indonesia",earthquake,7.72,6.754,0.187,8,reviewed,us,us
2025-02-17T10:02:19.350Z,40.35499954,-125.0723343,2.200000048,2.76,md,23,288,0.5619,0.35,nc,nc75135122,2025-02-17T10:22:19.088Z,"67 km WNW of Petrolia, CA",earthquake,12.49,13.3500004,0.13,15,automatic,nc,nc
2025-02-17T09:07:54.654Z,38.6646,-97.6636,10,2.7,ml,24,76,0.657,0.45,us,us7000pe7v,2025-02-19T09:36:03.989Z,"5 km WSW of Assaria, Kansas",earthquake,2.78,1.996,0.067,29,reviewed,us,us
2025-02-17T07:58:03.904Z,56.2823,-158.1199,39.6,2.5,ml,,,,0.66,ak,ak02527ib4rq,2025-02-18T07:11:25.040Z,"17 km E of Chignik, Alaska",earthquake,,4.1,,,automatic,ak,ak
2025-02-17T07:49:49.992Z,36.6009,25.6487,10,5,mww,94,38,1.448,0.72,us,us7000pe7k,2025-02-17T14:08:00.040Z,"27 km NE of Firá, Greece",earthquake,4.28,1.55,0.044,50,reviewed,us,us
2025-02-17T07:46:23.557Z,36.6681,25.6107,10,4.5,mb,105,58,1.496,0.5,us,us7000pe7i,2025-02-18T07:31:09.040Z,"30 km ESE of Íos, Greece",earthquake,4.49,1.508,0.063,75,reviewed,us,us
2025-02-17T07:01:30.820Z,34.1705,-117.2688333,8.26,2.61,ml,120,17,0.03683,0.15,ci,ci40187458,2025-02-18T23:08:04.540Z,"5 km NNE of San Bernardino, CA",earthquake,0.09,0.23,0.179,24,reviewed,ci,ci
2025-02-17T07:00:31.766Z,17.5999,-83.1682,10,4,mb,32,98,5.169,0.38,us,us7000pe7f,2025-02-17T08:48:41.040Z,"231 km NNE of Barra Patuca, Honduras",earthquake,7.21,1.973,0.149,12,reviewed,us,us
2025-02-17T06:42:40.188Z,59.5463,-152.2436,158.5,2.6,ml,,,,0.67,ak,ak02527hmcia,2025-02-17T06:46:42.703Z,"27 km NW of Nanwalek, Alaska",earthquake,,2.4,,,automatic,ak,ak
2025-02-17T06:02:58.105Z,16.3253,-94.7287,67.823,4.7,mb,55,160,2.489,1.06,us,us7000pe75,2025-02-17T13:07:59.263Z,"3 km E of San Dionisio del Mar, Mexico",earthquake,9.55,8.336,0.043,166,reviewed,us,us
2025-02-17T05:27:50.052Z,10.9061,-62.2361,100.785,4.5,mb,33,93,1.345,0.99,us,us7000pe71,2025-02-17T05:39:59.040Z,"37 km N of Güiria, Venezuela",earthquake,10.14,7.659,0.097,31,reviewed,us,us
2025-02-17T05:03:52.624Z,-4.5423,133.6199,10,4.7,mb,65,60,1.985,0.44,us,us7000pe6y,2025-02-17T07:40:35.040Z,"153 km NE of Tual, Indonesia",earthquake,5.76,1.861,0.074,56,reviewed,us,us
2025-02-17T04:30:55.240Z,-16.0124,-75.1799,10,5.4,mww,52,137,4.314,1.2,us,us7000pe6v,2025-02-18T04:49:03.105Z,"71 km S of San Juan, Peru",earthquake,8.99,1.948,0.057,30,reviewed,us,us
2025-02-17T04:19:30.817Z,19.1295,120.983,16.931,4.7,mb,67,104,3.671,0.58,us,us7000pe6s,2025-02-17T04:33:47.040Z,"58 km N of Claveria, Philippines",earthquake,9.38,5.392,0.088,39,reviewed,us,us
2025-02-17T04:04:16.936Z,27.0206,127.3109,97.549,4.9,mb,68,58,0.878,0.95,us,us7000pe6n,2025-02-17T22:16:40.743Z,"60 km NW of Ie, Japan",earthquake,6.31,7.014,0.09,39,reviewed,us,us
2025-02-17T03:48:46.080Z,33.9188333,-118.6628333,13.17,2.69,ml,119,143,0.147,0.19,ci,ci40187394,2025-02-18T23:37:21.281Z,"13 km S of Malibu Beach, CA",earthquake,0.21,0.39,0.195,29,reviewed,ci,ci
2025-02-17T03:04:58.924Z,56.1617,-156.3166,39.7,2.9,ml,,,,0.91,ak,ak02527flxxg,2025-02-17T03:20:08.040Z,"130 km E of Chignik, Alaska",earthquake,,6.1,,,automatic,ak,ak
2025-02-17T02:07:44.152Z,63.7949,-150.6366,0,2.6,ml,,,,1.08,ak,ak02527f14bz,2025-02-17T02:10:11.237Z,"60 km ENE of Denali National Park, Alaska",earthquake,,0.3,,,automatic,ak,ak
2025-02-17T01:56:54.836Z,45.8412,-69.0861,10.602,2.5,mb_lg,20,63,0.515,0.3,us,us7000pe69,2025-02-18T12:22:36.854Z,"35 km NW of Millinocket, Maine",earthquake,1.97,8.504,0.295,3,reviewed,us,us
2025-02-17T00:06:52.678Z,28.6427,77.1065,10,4.2,mb,26,220,7.259,0.63,us,us7000pe5z,2025-02-20T15:48:46.461Z,"5 km SE of Nāngloi Jāt, India",earthquake,6.12,1.998,0.166,10,reviewed,us,us
2025-02-16T23:52:10.130Z,17.93783333,-66.59633333,14.67,2.75,md,8,152,0.0838,0.09,pr,pr71472903,2025-02-17T00:43:39.970Z,"8 km SSE of Ponce, Puerto Rico",earthquake,0.36,0.65,0.029710234,3,reviewed,pr,pr
2025-02-16T23:50:50.466Z,61.9731,-150.8759,50.2,2.6,ml,,,,0.6,ak,ak02526493t2,2025-02-17T00:39:20.040Z,"27 km E of Skwentna, Alaska",earthquake,,0.8,,,automatic,ak,ak
2025-02-16T23:25:52.600Z,-30.1236,-71.324,65.358,4.6,mb,39,123,0.217,0.76,us,us7000pe5v,2025-02-17T00:45:34.712Z,"18 km S of Coquimbo, Chile",earthquake,3.94,5.906,0.1,30,reviewed,us,us
2025-02-16T23:19:52.914Z,40.8039,14.1469,10,2.9,ml,15,130,0.391,0.98,us,us7000pe5u,2025-02-18T14:31:35.355Z,"2 km WSW of Bagnoli, Italy",earthquake,3.79,1.996,0.066,30,reviewed,us,us
2025-02-16T23:08:57.815Z,36.6643,25.6292,10,4.3,mb,46,58,1.499,0.57,us,us7000pe5s,2025-02-17T00:28:30.040Z,"30 km SW of Amorgós, Greece",earthquake,5.37,1.902,0.079,46,reviewed,us,us
2025-02-16T21:00:57.096Z,-19.4481,-69.6777,115.95,4.7,mb,39,112,0.506,0.82,us,us7000pe5e,2025-02-16T23:41:00.461Z,"30 km WSW of Camiña, Chile",earthquake,4.76,5.151,0.106,27,reviewed,us,us
2025-02-16T20:56:03.747Z,1.8736,98.9713,131.106,4.6,mb,46,180,2.717,0.55,us,us7000pe5d,2025-02-16T21:25:10.040Z,"25 km NE of Sibolga, Indonesia",earthquake,8.5,9.024,0.087,39,reviewed,us,us
2025-02-16T20:55:58.671Z,36.5496,25.6859,10,4.1,mwr,58,85,1.415,0.83,us,us7000pe5c,2025-02-16T21:19:12.040Z,"26 km ENE of Firá, Greece",earthquake,5.16,1.903,0.075,17,reviewed,us,us
2025-02-16T20:49:58.501Z,3.9857,143.7221,10,4.6,mb,37,119,7.009,0.74,us,us7000pe5b,2025-02-16T21:11:30.040Z,Federated States of Micronesia region,earthquake,7.85,1.584,0.112,24,reviewed,us,us
2025-02-16T20:47:31.133Z,13.9448,-92.361,35,4.9,mww,65,160,0.991,1.07,us,us7000pe58,2025-02-17T00:02:14.792Z,"61 km SW of Champerico, Guatemala",earthquake,9.33,1.955,0.063,24,reviewed,us,us
2025-02-16T20:13:58.150Z,40.3385,-124.6696667,21.91,2.66,md,54,236,0.2551,0.16,nc,nc75134782,2025-02-19T21:27:16.686Z,"33 km WNW of Petrolia, CA",earthquake,0.53,0.48,0.322,35,reviewed,nc,nc
2025-02-16T20:10:42.910Z,28.902,-98.192,6.8604,2.9,ml,26,75,0.1,0.2,tx,tx2025dhpe,2025-02-17T18:33:41.269Z,"19 km WSW of Falls City, Texas",earthquake,1.0045697810847538,2.8501033146424213,0.1,13,reviewed,tx,tx
2025-02-16T18:55:37.606Z,32.8237,48.4,10,5.1,mww,123,40,3.145,0.95,us,us7000pe4x,2025-02-17T19:38:33.086Z,"52 km N of Shahrak-e Kūlūrī, Iran",earthquake,8.01,1.838,0.089,12,reviewed,us,us
2025-02-16T18:38:06.929Z,-17.1062,-177.1002,401.136,4.5,mb,78,124,3.438,0.95,us,us7000pe4v,2025-02-16T18:58:33.040Z,Fiji region,earthquake,11.25,8.13,0.057,88,reviewed,us,us
2025-02-16T15:48:37.350Z,-4.6473,147.4183,171.743,4.6,mb,24,96,2.587,0.96,us,us7000pe4q,2025-02-16T18:26:34.040Z,"191 km ENE of Madang, Papua New Guinea",earthquake,8.64,7.886,0.125,22,reviewed,us,us
2025-02-16T15:44:33.602Z,68.6227,-165.9372,5,2.8,ml,24,235,1.261,0.46,us,us7000pe4e,2025-02-16T16:27:57.040Z,"44 km NE of Point Hope, Alaska",earthquake,4.58,1.98,0.128,8,reviewed,us,us
2025-02-16T15:23:23.525Z,-6.9724,149.9506,45.508,4.5,mb,18,150,3.533,0.82,us,us7000pe4j,2025-02-16T16:50:00.040Z,"95 km SSE of Kandrian, Papua New Guinea",earthquake,9.95,10.737,0.163,13,reviewed,us,us
2025-02-16T14:36:03.540Z,19.19166667,-155.5066667,32.77,2.87,ml,57,86,0.05544,0.11,hv,hv74616987,2025-02-18T17:06:10.945Z,"3 km WSW of Pāhala, Hawaii",earthquake,0.43,0.45,0.186080014,42,reviewed,hv,hv
2025-02-16T14:30:02.338Z,40.6974,14.0396,10,3,ml,13,136,1.317,0.61,us,us7000pe46,2025-02-16T23:37:13.987Z,"6 km SSE of Procida, Italy",earthquake,5.71,2.004,0.069,28,reviewed,us,us
2025-02-16T14:29:16.979Z,-18.1998,-177.9702,526.467,4.6,mb,34,119,3.063,0.63,us,us7000pe49,2025-02-16T14:48:52.040Z,"287 km E of Levuka, Fiji",earthquake,12.28,9.124,0.1,30,reviewed,us,us
2025-02-16T12:07:28.788Z,68.6708,-165.7977,1,3.3,ml,,,,0.53,ak,ak02525xg2pa,2025-02-16T12:13:34.175Z,"52 km NE of Point Hope, Alaska",earthquake,,0.7,,,automatic,ak,ak
2025-02-16T11:44:02.513Z,11.4417,125.6696,37.964,4.7,mb,70,87,4.346,0.48,us,us7000pe3v,2025-02-17T17:25:37.040Z,"13 km ENE of Llorente, Philippines",earthquake,11.36,7.547,0.063,76,reviewed,us,us
2025-02-16T11:03:21.417Z,68.6338,-165.5922,7.8,3.2,ml,,,,0.63,ak,ak02525wtrnx,2025-02-16T11:07:11.845Z,"56 km ENE of Point Hope, Alaska",earthquake,,0.7,,,automatic,ak,ak
2025-02-16T10:50:06.770Z,18.57283333,-66.83083333,11.14,3,md,22,219,0.1329,0.23,pr,pr71472863,2025-02-16T11:22:27.440Z,"9 km N of Hatillo, Puerto Rico",earthquake,0.44,0.46,0.122231351,13,reviewed,pr,pr
2025-02-16T10:16:27.713Z,55.7498,-155.9775,250,2.8,ml,,,,0.8,ak,ak02525wb4ur,2025-02-16T10:19:36.937Z,"162 km ESE of Chignik, Alaska",earthquake,,1.9,,,automatic,ak,ak
2025-02-16T09:57:48.288Z,-20.6713,-175.7012,133.052,4.9,mb,25,105,5.661,1.29,us,us7000pe3k,2025-02-16T13:25:45.040Z,"69 km NW of Houma, Tonga",earthquake,14.12,11.363,0.084,44,reviewed,us,us
2025-02-16T09:25:24.692Z,-18.5391,-175.3701,202.368,5,mb,52,97,5.183,0.73,us,us7000pe3g,2025-02-16T09:49:33.040Z,"146 km W of Neiafu, Tonga",earthquake,14.56,6.432,0.068,69,reviewed,us,us
2025-02-16T08:58:26.583Z,-19.1971,-177.5783,554.829,4.3,mb,42,89,3.97,0.73,us,us7000pe3e,2025-02-17T06:46:43.040Z,Fiji region,earthquake,14.53,9.578,0.073,53,reviewed,us,us
2025-02-16T08:36:23.903Z,-22.5021,170.7951,10,5,mb,31,108,3.097,0.6,us,us7000pe38,2025-02-16T08:53:16.040Z,southeast of the Loyalty Islands,earthquake,9,1.921,0.118,23,reviewed,us,us
2025-02-16T08:31:54.810Z,17.95316667,-66.92833333,9.67,3.05,md,33,192,0.02664,0.24,pr,pr71472853,2025-02-16T08:55:58.170Z,"2 km SW of Guánica, Puerto Rico",earthquake,0.45,0.32,0.070553769,13,reviewed,pr,pr
2025-02-16T08:11:34.849Z,12.5838,-88.9633,34.646,4.5,mb,35,152,1.078,1.1,us,us7000pe2z,2025-02-17T07:21:50.040Z,"89 km SSW of Puerto El Triunfo, El Salvador",earthquake,6.92,3.628,0.063,75,reviewed,us,us
2025-02-16T07:52:34.176Z,-20.3315,-177.5168,388.841,4.3,mb,51,137,4.84,0.87,us,us7000pe2v,2025-02-17T07:39:05.040Z,"248 km WNW of Houma, Tonga",earthquake,13.19,7.104,0.069,60,reviewed,us,us
2025-02-16T07:43:36.110Z,45.3219,153.0508,10,5.2,mww,116,59,7.334,0.68,us,us7000pe2q,2025-02-16T08:04:31.040Z,east of the Kuril Islands,earthquake,8.71,1.762,0.089,12,reviewed,us,us
2025-02-16T07:42:43.160Z,40.29633333,-124.973,5.11,2.55,md,41,284,0.4823,0.21,nc,nc75134477,2025-02-19T10:17:18.277Z,"58 km W of Petrolia, CA",earthquake,0.63,1.12,0.254,23,reviewed,nc,nc
2025-02-16T07:40:08.720Z,31.7048333,-115.072,-0.01,2.63,ml,12,117,0.2326,0.29,ci,ci40186810,2025-02-18T18:28:39.079Z,"55 km S of Estacion Coahuila, B.C., MX",earthquake,0.62,1.34,0.178,10,reviewed,ci,ci
2025-02-16T07:27:43.065Z,1.4436,126.2857,66.044,4.7,mb,47,93,1.27,1.01,us,us7000pe2m,2025-02-16T09:29:59.040Z,"128 km E of Bitung, Indonesia",earthquake,6.72,7.356,0.088,39,reviewed,us,us
2025-02-16T07:08:42.098Z,-38.568,-74.0508,10,5,mww,46,152,1.397,1.22,us,us7000pe2h,2025-02-17T06:36:08.795Z,"79 km WNW of Carahue, Chile",earthquake,6.63,1.841,0.071,19,reviewed,us,us
2025-02-16T06:55:57.450Z,18.2065,-68.2778,152,4.08,md,26,179,0.3244,0.2,pr,pr2025047000,2025-02-16T08:30:03.040Z,"39 km ESE of Boca de Yuma, Dominican Republic",earthquake,2.21,0.76,0.1,21,reviewed,pr,pr
2025-02-16T06:54:12.250Z,18.15216667,-67.02633333,24.64,2.82,md,18,66,0.05323,0.21,pr,pr71472833,2025-02-16T07:20:51.140Z,"5 km WSW of Maricao, Puerto Rico",earthquake,0.49,0.9,0.054891786,10,reviewed,pr,pr
2025-02-16T05:02:08.279Z,52.0773,-172.1785,57.571,4,mb,47,136,1.183,0.81,us,us7000pe5m,2025-02-17T08:00:29.040Z,"139 km E of Atka, Alaska",earthquake,4.03,11.489,0.09,33,reviewed,us,us
2025-02-16T04:51:21.648Z,65.3444,-167.0433,10,3.5,ml,34,139,0.428,0.55,us,us7000pe28,2025-02-17T23:03:50.040Z,"12 km NW of Port Clarence, Alaska",earthquake,6.71,2.009,0.074,24,reviewed,us,us
2025-02-16T04:05:53.720Z,20.101,-156.1403333,15.56,3.32,ml,22,296,0.3423,0.18,hv,hv74616742,2025-02-18T19:51:47.716Z,"34 km WNW of Puako, Hawaii",earthquake,1.84,31.61,0.109584335,13,reviewed,hv,hv
2025-02-16T03:37:37.071Z,-18.0531,-178.1008,620.852,4.5,mb,33,150,2.88,0.85,us,us7000pe21,2025-02-16T03:53:59.040Z,"273 km E of Levuka, Fiji",earthquake,17.41,11.184,0.108,25,reviewed,us,us
2025-02-16T03:28:58.214Z,28.9831,87.5245,10,4.8,mb,72,95,2.303,0.7,us,us7000pe20,2025-02-17T00:25:16.787Z,"134 km NNE of Lobuche, Nepal",earthquake,8.82,1.86,0.061,83,reviewed,us,us
2025-02-16T03:07:57.850Z,18.73083333,-67.23083333,4.88,2.83,md,12,306,0.2855,0.34,pr,pr71472813,2025-02-16T03:54:47.490Z,"29 km NNW of San Antonio, Puerto Rico",earthquake,1.99,2.06,0.128585657,8,reviewed,pr,pr
2025-02-16T02:52:18.036Z,65.4012,-169.0923,9.6,4.2,ml,,,,0.74,ak,ak02525rrdfc,2025-02-16T03:41:06.762Z,"40 km S of Diomede, Alaska",earthquake,,0.4,,,reviewed,ak,ak
2025-02-16T02:24:18.160Z,34.1696667,-117.2645,7.9,2.69,ml,126,19,0.03833,0.16,ci,ci40186658,2025-02-20T07:40:02.859Z,"5 km NNE of San Bernardino, CA",earthquake,0.09,0.25,0.134,237,reviewed,ci,ci
2025-02-16T01:55:25.242Z,-7.2584,120.3216,521.717,4.3,mb,58,47,2.34,0.78,us,us7000pe1u,2025-02-16T02:22:07.040Z,"145 km NNE of Labuan Bajo, Indonesia",earthquake,11.69,8.804,0.094,32,reviewed,us,us
2025-02-16T01:52:22.553Z,28.892,-98.212,7.0801,3,ml,22,72,0,0.3,tx,tx2025dgex,2025-02-17T20:17:28.933Z,"21 km WSW of Falls City, Texas",earthquake,1.319563565364611,2.785366105769475,0.1,12,reviewed,tx,tx
2025-02-16T01:04:40.158Z,-22.6746,-177.8601,316.016,4.8,mb,48,114,6.227,1.01,us,us7000pe1n,2025-02-16T01:25:48.040Z,south of the Fiji Islands,earthquake,11.83,10.273,0.082,46,reviewed,us,us
2025-02-16T00:30:51.270Z,40.4105,-125.0635,11.93,2.81,md,44,266,0.557,0.14,nc,nc75134292,2025-02-19T09:42:17.046Z,"67 km WNW of Petrolia, CA",earthquake,0.42,0.9,0.222,26,reviewed,nc,nc
2025-02-16T00:16:27.629Z,45.8224,148.1829,189.571,4.3,mb,51,135,3.92,0.66,us,us7000pe1j,2025-02-16T02:36:42.040Z,"70 km NNE of Kuril’sk, Russia",earthquake,10.58,7.366,0.071,56,reviewed,us,us
2025-02-16T00:13:39.144Z,13.028,-91.1641,10,4.7,mww,56,193,1.57,1.12,us,us7000pe1b,2025-02-18T14:49:03.040Z,"106 km SSW of Puerto San José, Guatemala",earthquake,6.09,1.919,0.073,18,reviewed,us,us
2025-02-15T23:56:55.410Z,40.23099899,-124.6366653,12.18000031,2.92,md,15,292,0.2322,0.14,nc,nc75134282,2025-02-16T02:09:56.040Z,"32 km W of Petrolia, CA",earthquake,4.17,2.6500001,0.04,8,automatic,nc,nc
2025-02-15T23:24:48.088Z,39.3598,40.7541,10,4.7,mww,72,49,1.283,0.99,us,us7000pe15,2025-02-18T13:38:34.040Z,"20 km ESE of Yedisu, Turkey",earthquake,3.86,1.756,0.086,13,reviewed,us,us
2025-02-15T23:01:05.768Z,0.5843,123.5971,260.883,4.3,mb,36,58,1.508,0.76,us,us7000pe12,2025-02-15T23:36:37.040Z,"59 km E of Gorontalo, Indonesia",earthquake,7.69,7.552,0.116,21,reviewed,us,us
2025-02-15T22:16:58.200Z,33.6446667,-116.7413333,13.15,3.14,ml,141,13,0.0613,0.19,ci,ci40186482,2025-02-20T03:18:45.040Z,"11 km S of Idyllwild, CA",earthquake,0.09,0.21,0.144,367,reviewed,ci,ci
2025-02-15T21:56:54.533Z,59.4281,-150.3936,28.4,2.6,ml,,,,0.46,ak,ak02524fk6q5,2025-02-20T03:27:11.040Z,"50 km ESE of Halibut Cove, Alaska",earthquake,,0.3,,,automatic,ak,ak
2025-02-15T21:17:53.840Z,59.8962,-145.7832,20.2,2.9,ml,,,,0.48,ak,ak02524fbtqw,2025-02-20T03:42:37.040Z,"72 km S of Cordova, Alaska",earthquake,,0.4,,,automatic,ak,ak
2025-02-15T18:09:03.040Z,31.9186667,-115.8136667,7.87,2.51,ml,13,60,0.126,0.23,ci,ci40186370,2025-02-18T18:31:43.055Z,"70 km WSW of Alberto Oviedo Mota, B.C., MX",earthquake,0.41,1.48,0.302,8,reviewed,ci,ci
2025-02-15T17:48:19.456Z,33.4051,73.0929,49.342,4.7,mb,133,42,3.471,0.62,us,us7000pe02,2025-02-17T12:12:03.249Z,"21 km S of Rawalpindi, Pakistan",earthquake,8.2,5.817,0.048,140,reviewed,us,us
2025-02-15T17:33:54.075Z,85.8506,22.8172,10,4.3,mb,60,44,5.858,0.47,us,us7000pe0l,2025-02-17T15:40:27.040Z,north of Svalbard,earthquake,9.75,1.91,0.074,52,reviewed,us,us
2025-02-15T16:55:48.005Z,-6.7973,68.1737,10,4.6,mb,47,97,12.805,0.43,us,us7000pdzz,2025-02-15T18:48:01.040Z,Chagos Archipelago region,earthquake,12.62,1.892,0.086,40,reviewed,us,us
2025-02-15T16:39:40.080Z,17.98533333,-66.98816667,13.54,2.5,md,10,159,0.05565,0.1,pr,pr71472798,2025-02-15T16:50:10.130Z,"6 km E of La Parguera, Puerto Rico",earthquake,0.54,0.47,0.043891505,5,reviewed,pr,pr
2025-02-15T16:11:50.622Z,40.3363,24.1347,14.437,4.9,mww,123,32,1.281,0.7,us,us7000pdzt,2025-02-18T12:54:43.040Z,"12 km NW of Karyes, Greece",earthquake,4.92,4.056,0.051,37,reviewed,us,us
2025-02-15T16:06:25.231Z,62.0428,-149.5978,35.2,2.6,ml,,,,0.42,ak,ak02524ca8mz,2025-02-15T18:16:12.040Z,"18 km SE of Susitna North, Alaska",earthquake,,5.9,,,automatic,ak,ak
2025-02-15T15:57:20.540Z,18.77883333,-67.26033333,7.78,3,md,11,309,0.3405,0.2,pr,pr71472793,2025-02-15T16:10:26.780Z,"36 km NNW of San Antonio, Puerto Rico",earthquake,2.08,1.68,0.03063915,4,reviewed,pr,pr
2025-02-15T15:54:53.050Z,40.77566667,-124.3998333,25.34,2.72,md,50,198,0.1516,0.11,nc,nc75134077,2025-02-16T00:52:16.660Z,"18 km WNW of Bayview, CA",earthquake,0.49,0.62,0.243,36,reviewed,nc,nc
2025-02-15T15:46:01.491Z,46.2545,151.8789,69.549,4.6,mb,161,127,6.322,0.64,us,us7000pdzm,2025-02-15T17:57:28.040Z,Kuril Islands,earthquake,10.8,7.981,0.043,159,reviewed,us,us
2025-02-15T15:18:59.610Z,40.37516667,-124.887,12.58,3.75,mw,144,228,0.4251,0.27,nc,nc75134047,2025-02-16T17:36:05.275Z,"51 km WNW of Petrolia, CA",earthquake,0.43,0.78,,4,reviewed,nc,nc
2025-02-15T14:30:12.190Z,34.0488333,-118.9136667,14.19,3.73,ml,107,144,0.05112,0.33,ci,ci40186282,2025-02-18T18:09:19.934Z,"11 km WNW of Malibu, CA",earthquake,0.36,0.48,0.212,16,reviewed,ci,ci
2025-02-15T14:30:11.535Z,34.0251,-118.9242,10,3.3,ml,32,122,0.124,0.53,us,us7000pdza,2025-02-18T17:59:27.728Z,"13 km W of Malibu, California",earthquake,1.63,1.989,0.037,96,reviewed,us,us
2025-02-15T13:15:34.369Z,54.2725,-159.9404,32.7,2.7,ml,,,,0.56,ak,ak02524ajwap,2025-02-15T21:19:53.797Z,"123 km SSE of Sand Point, Alaska",earthquake,,2.9,,,reviewed,ak,ak
2025-02-15T13:13:43.538Z,-24.2255,-67.492,224.942,4.2,mb,21,92,1.416,0.58,us,us7000pdz2,2025-02-15T15:31:14.040Z,"119 km W of San Antonio de los Cobres, Argentina",earthquake,12.68,15,0.264,4,reviewed,us,us
2025-02-15T13:08:07.528Z,19.0827,-155.3825,42.397,2.6,ml,19,203,0.104,0.18,us,us7000pdz1,2025-02-15T13:56:53.040Z,"16 km SE of Pāhala, Hawaii",earthquake,3.8,4.474,0.056,42,reviewed,us,us
2025-02-15T11:56:05.639Z,-5.1747,145.5005,107.17,4.9,mb,80,29,3.625,0.81,us,us7000pdyv,2025-02-15T12:37:43.040Z,"32 km W of Madang, Papua New Guinea",earthquake,7.26,6.917,0.054,110,reviewed,us,us
2025-02-15T11:48:06.320Z,18.8055,-67.506,40.3,3.13,md,25,199,0.4638,0.25,pr,pr71472783,2025-02-15T12:20:23.670Z,"55 km NW of San Antonio, Puerto Rico",earthquake,0.85,1.89,0.082384793,13,reviewed,pr,pr
2025-02-15T11:34:12.335Z,41.1036,142.8837,47.403,4.9,mb,84,134,1.413,0.88,us,us7000pdyk,2025-02-15T11:58:49.040Z,"113 km S of Honchō, Japan",earthquake,2.98,7.066,0.048,137,reviewed,us,us
2025-02-15T11:13:15.918Z,12.3483,-87.7001,60.611,4.1,mb,35,180,0.748,0.8,us,us7000pdyg,2025-02-15T12:14:47.040Z,"51 km SSW of Jiquilillo, Nicaragua",earthquake,5.75,9.747,0.105,25,reviewed,us,us
2025-02-15T10:31:36.256Z,-8.2557,119.7624,178.496,4.8,mb,34,73,1.5,1.1,us,us7000pdyc,2025-02-15T11:06:04.040Z,"29 km NNW of Labuan Bajo, Indonesia",earthquake,7.57,7.984,0.154,13,reviewed,us,us
2025-02-15T08:11:43.867Z,-8.6062,117.7671,190.182,4.5,mb,23,87,0.22,0.53,us,us7000pdy4,2025-02-15T15:11:22.040Z,"38 km SE of Pototano, Indonesia",earthquake,9.17,5.098,0.192,9,reviewed,us,us
2025-02-15T08:07:07.963Z,52.2565,-179.0486,229.4,3,ml,,,,0.33,ak,ak025247iybu,2025-02-15T21:03:55.870Z,"170 km WNW of Adak, Alaska",earthquake,,0.7,,,reviewed,ak,ak
2025-02-15T07:48:20.235Z,40.9099,140.9607,101.848,4.3,mb,54,89,0.144,0.77,us,us7000pdy0,2025-02-15T15:22:41.040Z,"1 km SSE of Hiranai, Japan",earthquake,9.43,4.51,0.089,36,reviewed,us,us
2025-02-15T07:44:05.170Z,34.0415,-118.91,15.43,3.7,mw,153,121,0.05687,0.26,ci,ci40186202,2025-02-19T09:48:14.619Z,"10 km WNW of Malibu, CA",earthquake,0.21,0.23,,4,reviewed,ci,ci
2025-02-15T05:28:16.653Z,31.67,-104.187,4.9463,2.6,ml,29,61,0.1,0.1,tx,tx2025deqm,2025-02-17T16:08:32.064Z,"54 km NW of Toyah, Texas",earthquake,0.5397966598995347,1.3057033033217613,0.1,17,reviewed,tx,tx
2025-02-15T05:26:32.407Z,31.671,-104.187,6.0999,2.7,ml,19,67,0.1,0.2,tx,tx2025deql,2025-02-17T18:14:53.160Z,"54 km NW of Toyah, Texas",earthquake,0.7879292855659847,1.3963632184044572,0.4,7,reviewed,tx,tx
2025-02-15T05:25:28.896Z,31.672,-104.19,6.0999,3.8,ml,32,61,0.1,0.1,tx,tx2025deqk,2025-02-17T15:06:52.662Z,"54 km NW of Toyah, Texas",earthquake,0.6045769903415331,0.7381223580564599,0.2,17,reviewed,tx,tx
2025-02-15T05:23:21.429Z,31.661,-104.18,6.0999,5,ml,18,61,0.1,0.1,tx,tx2025deqh,2025-02-20T05:37:46.845Z,"53 km NW of Toyah, Texas",earthquake,0.634105332,1.0110250127169083,0.1,10,reviewed,tx,tx
2025-02-15T05:11:23.030Z,36.2705,-120.5285,9.01,2.9,mh,20,141,0.1437,0.19,nc,nc75133742,2025-02-20T18:07:31.801Z,"21 km SSE of New Idria, CA",earthquake,0.61,1.58,,0,reviewed,nc,nc
2025-02-15T02:53:54.732Z,32.462,-102.036,6.5674,2.6,ml,29,59,0.1,0.1,tx,tx2025dell,2025-02-17T16:08:05.744Z,"30 km SSW of Los Ybanez, Texas",earthquake,0.6246345248092638,1.1186307878166002,0.1,14,reviewed,tx,tx
2025-02-15T01:48:10.882Z,50.0189,88.293,13,5.7,mww,141,26,3.419,0.91,us,us7000pdvt,2025-02-16T05:32:11.784Z,"27 km W of Kosh-Agach, Russia",earthquake,7,1.833,0.071,19,reviewed,us,us
2025-02-15T01:18:48.756Z,11.5623,125.7848,10,5.3,mb,115,68,4.469,1.05,us,us7000pdvr,2025-02-16T11:52:41.618Z,"30 km ENE of Llorente, Philippines",earthquake,8.48,1.726,0.042,189,reviewed,us,us
2025-02-15T00:29:01.303Z,12.7575,122.97,32.18,5,mww,61,74,6.208,0.74,us,us7000pdvn,2025-02-15T03:47:34.462Z,"32 km WSW of Mabiton, Philippines",earthquake,10.48,1.76,0.073,18,reviewed,us,us
2025-02-14T22:21:37.660Z,19.07833333,-155.3705,34.96,2.77,ml,28,204,0.1157,0.1,hv,hv74615862,2025-02-15T05:48:05.040Z,"17 km SE of Pāhala, Hawaii",earthquake,1.07,0.95,0.109701777,24,reviewed,hv,hv
2025-02-14T21:30:03.350Z,-11.8426,166.214,38.564,5,mb,49,114,3.71,0.9,us,us7000pdvd,2025-02-14T23:44:22.040Z,"131 km SSE of Lata, Solomon Islands",earthquake,10.48,7.095,0.085,44,reviewed,us,us
2025-02-14T20:56:17.985Z,3.5028,127.8798,128.577,4.6,mb,74,78,2.688,0.72,us,us7000pduh,2025-02-14T21:45:03.040Z,"196 km N of Tobelo, Indonesia",earthquake,7.26,5.495,0.059,91,reviewed,us,us
2025-02-14T20:30:27.957Z,-7.4533,128.3167,175.485,4.2,mb,27,99,3.312,1.13,us,us7000pdu4,2025-02-14T23:00:40.040Z,"187 km NE of Lospalos, Timor Leste",earthquake,8.46,8.855,0.121,19,reviewed,us,us
2025-02-14T20:28:23.325Z,8.9674,39.9539,10,6,mww,190,35,3.82,0.6,us,us7000pdu6,2025-02-17T19:26:08.040Z,"8 km NNE of Metahāra, Ethiopia",earthquake,8.65,1.843,0.049,40,reviewed,us,us
2025-02-14T20:18:56.415Z,36.5904,25.7022,17.369,4.3,mb,65,58,1.457,0.66,us,us7000pdu1,2025-02-14T22:43:16.040Z,"30 km NE of Firá, Greece",earthquake,5.62,0.655,0.078,46,reviewed,us,us
2025-02-14T19:17:48.440Z,19.2045,-66.4561,7,3.51,md,18,259,0.9081,0.35,pr,pr2025045001,2025-02-14T22:26:42.040Z,"82 km N of Tierras Nuevas Poniente, Puerto Rico",earthquake,2.75,2.5,0.11,15,reviewed,pr,pr
2025-02-14T18:53:13.912Z,-17.2932,167.527,13.75,4.9,mww,67,47,1.862,0.61,us,us7000pdth,2025-02-15T14:48:50.040Z,"96 km WNW of Port-Vila, Vanuatu",earthquake,7.35,4.074,0.086,13,reviewed,us,us
2025-02-14T18:20:42.210Z,38.8205,-122.8496667,2.91,2.93,ml,100,24,0.00901,0.08,nc,nc75133377,2025-02-19T01:54:56.449Z,"9 km NW of The Geysers, CA",earthquake,0.08,0.13,0.082,27,reviewed,nc,nc
2025-02-14T17:07:59.112Z,-39.8901,174.9615,73.85,4.5,mb,18,77,0.903,0.75,us,us7000pdpt,2025-02-14T22:03:20.040Z,"8 km WNW of Whanganui, New Zealand",earthquake,3.07,11.837,0.312,4,reviewed,us,us
2025-02-14T15:58:54.712Z,30.9806,142.3395,10,4.8,mb,42,132,3.021,1.11,us,us7000pdpi,2025-02-14T16:25:20.040Z,"Izu Islands, Japan region",earthquake,7.73,1.806,0.081,52,reviewed,us,us
2025-02-14T15:29:31.194Z,53.0736,-161.2448,10,3.8,ml,22,222,2.2,0.74,us,us7000pdpd,2025-02-14T19:25:58.000Z,"232 km SSE of King Cove, Alaska",earthquake,4.69,1.994,0.085,24,reviewed,us,us
2025-02-14T15:26:55.656Z,16.1209,-98.7884,10,4.8,mb,40,232,1.449,0.88,us,us7000pdpc,2025-02-14T16:14:17.285Z,"43 km SW of Montecillos, Mexico",earthquake,8.7,1.962,0.033,286,reviewed,us,us
2025-02-14T15:11:58.043Z,55.1918,-160.5175,78.773,3.1,ml,26,182,0.16,0.71,us,us7000pdpb,2025-02-14T16:00:41.040Z,"16 km S of Sand Point, Alaska",earthquake,6.32,15.47,0.064,32,reviewed,us,us
2025-02-14T15:04:17.600Z,18.98866667,-155.4216667,34.91,3.75,ml,52,221,0.1702,0.13,hv,hv74615617,2025-02-19T15:17:03.605Z,"18 km ESE of Naalehu, Hawaii",earthquake,0.56,0.81,0.157698099,38,reviewed,hv,hv
2025-02-14T14:44:24.690Z,1.9604,127.488,122.432,4.6,mb,35,126,1.187,1.14,us,us7000pdp5,2025-02-14T14:59:39.040Z,"63 km WNW of Tobelo, Indonesia",earthquake,9.45,8.994,0.104,28,reviewed,us,us
2025-02-14T14:38:12.177Z,-7.9665,116.9943,281.233,4.4,mb,51,65,1.153,1.09,us,us7000pdp4,2025-02-14T15:05:35.040Z,"69 km NNE of Labuan Lombok, Indonesia",earthquake,4.94,6.723,0.101,28,reviewed,us,us
2025-02-14T14:21:14.908Z,0.6903,-85.6172,10,4.7,mb,30,160,7.076,1.04,us,us7000pdp3,2025-02-14T14:47:20.040Z,off the coast of Ecuador,earthquake,7.79,1.928,0.088,39,reviewed,us,us
2025-02-14T13:29:39.402Z,28.747,-98.858,7.8369,2.6,ml,22,73,0.1,0.3,tx,tx2025ddkw,2025-02-14T22:53:16.410Z,"19 km SW of Charlotte, Texas",earthquake,1.595650695003393,2.2964178942055007,0.1,12,reviewed,tx,tx
2025-02-14T13:22:45.226Z,11.432,125.6948,10,4.5,mb,33,111,9.566,1.12,us,us7000pdln,2025-02-15T01:41:21.488Z,"14 km NE of Hernani, Philippines",earthquake,12.18,1.899,0.102,28,reviewed,us,us
2025-02-14T12:50:04.033Z,11.6079,125.829,10,5.3,mww,87,74,4.516,1.2,us,us7000pdlg,2025-02-14T13:25:20.582Z,"37 km NE of Llorente, Philippines",earthquake,8.95,1.845,0.071,19,reviewed,us,us
2025-02-14T12:42:23.839Z,19.2679,-64.7802,35,2.9,ml,16,247,0.926,0.6,us,us7000pdlc,2025-02-16T12:26:57.013Z,"103 km N of Cruz Bay, U.S. Virgin Islands",earthquake,7.04,2.015,0.064,32,reviewed,us,us
2025-02-14T12:33:45.380Z,19.1635,-64.7141,28,3.61,md,15,302,0.8465,0.37,pr,pr2025045000,2025-02-16T12:17:32.040Z,"92 km N of Cruz Bay, U.S. Virgin Islands",earthquake,2.9,23.47,0.1,9,reviewed,pr,pr
2025-02-14T12:28:33.993Z,-7.3394,105.6007,56.324,5.1,mb,73,70,1.557,0.94,us,us7000pdl8,2025-02-14T13:21:15.028Z,"109 km SSW of Labuan, Indonesia",earthquake,7.82,6.35,0.073,60,reviewed,us,us
2025-02-14T10:38:09.391Z,-3.9475,145.0597,10,4.6,mb,32,114,2.98,0.57,us,us7000pdl2,2025-02-15T14:50:26.040Z,"111 km E of Angoram, Papua New Guinea",earthquake,9.29,1.912,0.111,26,reviewed,us,us
2025-02-14T09:52:03.623Z,66.3909,-162.208,19.6,2.5,ml,,,,0.59,ak,ak02522kuo8d,2025-02-16T09:33:40.040Z,"42 km NNE of Deering, Alaska",earthquake,,0.3,,,reviewed,ak,ak
2025-02-14T09:46:33.012Z,-58.9359,-22.9486,10,5.1,mb,61,48,8.796,0.8,us,us7000pdky,2025-02-14T10:09:09.040Z,South Sandwich Islands region,earthquake,9.8,1.748,0.084,46,reviewed,us,us
2025-02-14T09:27:41.611Z,-5.8459,145.5144,108.023,4.8,mb,58,67,3.894,0.87,us,us7000pdkt,2025-02-14T09:45:57.040Z,"29 km NNE of Goroka, Papua New Guinea",earthquake,8.05,7.48,0.07,65,reviewed,us,us
2025-02-14T09:19:49.574Z,-2.6588,145.5679,10,4.8,mb,36,73,1.898,0.49,us,us7000pdkv,2025-02-16T13:03:52.040Z,"201 km WSW of Lorengau, Papua New Guinea",earthquake,7.53,1.865,0.109,26,reviewed,us,us
2025-02-14T08:09:58.119Z,-4.3774,143.7281,116.38,4.8,mb,24,85,3.541,0.71,us,us7000pdks,2025-02-14T08:55:19.040Z,"51 km SW of Angoram, Papua New Guinea",earthquake,9.63,9.664,0.109,26,reviewed,us,us
2025-02-14T07:26:23.684Z,17.4536,-83.2889,10,4.7,mb,44,51,5.11,0.76,us,us7000pdkn,2025-02-14T08:01:46.040Z,"211 km NNE of Barra Patuca, Honduras",earthquake,7.68,1.913,0.053,110,reviewed,us,us
2025-02-14T06:39:50.419Z,1.1194,-85.2951,10,5.2,mww,59,89,5.886,1.26,us,us7000pdkh,2025-02-14T06:51:55.040Z,off the coast of Ecuador,earthquake,8.36,1.942,0.065,23,reviewed,us,us
2025-02-14T05:59:18.270Z,48.291333333333334,-123.2793333,40.22,3.68,ml,117,36,0.1256,0.21,uw,uw62067602,2025-02-20T13:44:38.584Z,"16 km SSE of Victoria, Canada",earthquake,0.2,0.23,0.141279913,98,reviewed,uw,uw
2025-02-14T02:02:42.533Z,36.7081,71.3264,176.696,4,mb,30,195,2.596,0.75,us,us7000pdk3,2025-02-14T02:17:40.040Z,"18 km W of Ashkāsham, Afghanistan",earthquake,7.01,7.975,0.113,21,reviewed,us,us
2025-02-14T01:46:01.689Z,78.4705,7.8514,10,4.5,mb,22,139,0.922,1.22,us,us7000pdkl,2025-02-17T22:24:34.040Z,"177 km W of Longyearbyen, Svalbard and Jan Mayen",earthquake,6.25,1.899,0.124,20,reviewed,us,us
2025-02-14T01:32:54.652Z,45.4459,151.1704,35,4.9,mb,71,103,6.03,0.85,us,us7000pdjz,2025-02-14T01:49:35.040Z,"259 km E of Kuril’sk, Russia",earthquake,8.92,1.898,0.052,114,reviewed,us,us
2025-02-14T01:29:26.330Z,18.70916667,-67.13166667,64.98,3.21,md,30,205,0.2412,0.16,pr,pr71472708,2025-02-17T22:06:29.040Z,"24 km N of San Antonio, Puerto Rico",earthquake,0.63,0.59,0.079018027,13,reviewed,pr,pr
2025-02-14T01:22:44.682Z,50.0901,-179.394,10,3,ml,17,272,1.511,0.6,us,us7000pdkm,2025-02-17T22:01:11.040Z,"277 km SW of Adak, Alaska",earthquake,7.15,2.021,0.097,14,reviewed,us,us
2025-02-14T00:45:06.610Z,37.94049835,-122.1161652,9.449999809,2.52,md,5,168,0.1308,0.13,nc,nc75133072,2025-02-14T21:08:25.996Z,"5 km W of Pleasant Hill, CA",earthquake,9.67,4.86000013,0.53,3,automatic,nc,nc
2025-02-14T00:22:58.099Z,-6.9839,129.5924,156.262,5,mww,68,97,2.465,0.72,us,us7000pdj1,2025-02-14T08:00:20.860Z,Banda Sea,earthquake,10.33,6.903,0.073,18,reviewed,us,us
2025-02-14T00:18:12.083Z,6.6447,-84.4152,10,4.5,mb,19,96,2.847,0.97,us,us7000pdiz,2025-02-14T05:49:30.040Z,"229 km SW of Burica, Panama",earthquake,7.8,1.955,0.222,6,reviewed,us,us
2025-02-14T00:17:04.540Z,36.08266667,-120.1838333,11.92,4.25,ml,68,37,0.03757,0.1,nc,nc75133062,2025-02-20T00:27:18.596Z,"10 km NNW of Avenal, CA",earthquake,0.15,0.22,0.145,160,reviewed,nc,nc
2025-02-13T23:59:27.476Z,55.6162,-154.9119,9.1,5.8,mww,,,,0.49,ak,ak025215oy3m,2025-02-20T00:09:31.004Z,"154 km SSW of Akhiok, Alaska",earthquake,,1.3,,,reviewed,ak,ak
2025-02-13T21:59:16.660Z,37.64716667,-122.0521667,5.81,3.57,ml,173,20,0.01227,0.14,nc,nc75132987,2025-02-20T08:54:55.768Z,"2 km E of Hayward, CA",earthquake,0.09,0.18,0.161,147,reviewed,nc,nc
2025-02-13T21:29:55.485Z,-20.7723,-178.4451,576.64,4.5,mb,38,203,4.473,1.11,us,us7000pdig,2025-02-13T22:29:22.040Z,Fiji region,earthquake,14.95,7.28,0.103,28,reviewed,us,us
2025-02-13T21:20:55.491Z,-58.7595,-25.4745,57.816,4.8,mb,35,115,7.56,0.75,us,us7000pdi5,2025-02-13T21:59:31.040Z,South Sandwich Islands region,earthquake,15.99,8.681,0.082,46,reviewed,us,us
2025-02-13T21:07:32.997Z,-6.2183,103.6477,43.273,4.8,mb,58,125,1.4,0.81,us,us7000pdi1,2025-02-14T04:52:20.040Z,"198 km WSW of Bandar Lampung, Indonesia",earthquake,4.52,6.967,0.071,62,reviewed,us,us
2025-02-13T21:07:15.540Z,18.7545,-64.6005,33,3.73,md,18,319,0.537,0.34,pr,pr2025044002,2025-02-14T04:40:02.040Z,"51 km NNE of Cruz Bay, U.S. Virgin Islands",earthquake,3.15,7.1,0.12,14,reviewed,pr,pr
2025-02-13T20:52:16.190Z,60.408,-152.0455,83.7,3.2,ml,,,,0.25,ak,ak025213v4b7,2025-02-13T21:41:40.422Z,"40 km W of Cohoe, Alaska",earthquake,,0.6,,,automatic,ak,ak
2025-02-13T20:44:56.163Z,45.5356,26.346,120.817,4.3,mb,54,30,0.286,0.85,us,us7000pdhp,2025-02-16T01:42:42.979Z,"8 km NW of Gura Teghii, Romania",earthquake,5.97,3.029,0.101,28,reviewed,us,us
2025-02-13T19:54:14.410Z,37.64883333,-122.0495,5.44,3.09,ml,163,16,0.01253,0.15,nc,nc75132937,2025-02-14T16:38:56.250Z,"2 km E of Hayward, CA",earthquake,0.09,0.17,0.142,82,reviewed,nc,nc
2025-02-13T19:52:13.830Z,37.64783333,-122.0538333,5.65,3.32,ml,177,14,0.01095,0.18,nc,nc75132932,2025-02-19T17:58:16.236Z,"2 km E of Hayward, CA",earthquake,0.1,0.19,0.144,125,reviewed,nc,nc
2025-02-13T19:39:57.130Z,40.37483333,-124.988,10,2.69,md,37,269,0.5009,0.28,nc,nc75132927,2025-02-15T10:42:16.998Z,"60 km WNW of Petrolia, CA",earthquake,0.99,31.61,0.089,9,reviewed,nc,nc
2025-02-13T18:30:41.921Z,30.034,-103.255,5.4932,2.9,ml,29,109,0.5,0.2,tx,tx2025dbzi,2025-02-19T22:49:13.702Z,"19 km S of Marathon, Texas",earthquake,1.6162427478771475,1.5725407119301993,0.1,12,reviewed,tx,tx
2025-02-13T18:16:21.981Z,-6.4676,129.0734,10,5,mb,55,74,2.102,0.84,us,us7000pdh2,2025-02-13T18:39:35.040Z,Banda Sea,earthquake,6.96,1.888,0.08,49,reviewed,us,us
2025-02-13T18:12:17.318Z,51.3129,-179.86,16.185,3.6,ml,21,203,0.53,0.32,us,us7000pdi7,2025-02-13T21:42:05.040Z,"232 km WSW of Adak, Alaska",earthquake,2.67,4.247,0.081,20,reviewed,us,us
2025-02-13T17:44:34.866Z,-10.7147,123.9343,10,4.6,mb,31,98,1.008,0.73,us,us7000pdgz,2025-02-13T19:18:04.040Z,"70 km SSE of Kupang, Indonesia",earthquake,6.93,1.904,0.12,21,reviewed,us,us
2025-02-13T17:03:05.708Z,38.1415,-118.0034,12.2,2.5,ml,17,69.78,0.06,0.1352,nn,nn00893449,2025-02-13T19:15:26.209Z,"29 km SSE of Mina, Nevada",earthquake,,0.8,0.19,11,reviewed,nn,nn
2025-02-13T16:52:36.928Z,60.7651,-150.7932,43.7,2.6,ml,,,,0.31,ak,ak025211hfho,2025-02-13T16:58:05.040Z,"18 km SSW of Point Possession, Alaska",earthquake,,0.9,,,automatic,ak,ak
2025-02-13T16:31:08.420Z,20.15816667,-155.7948333,23.54,3.1,ml,26,297,0.03683,0.11,hv,hv74614702,2025-02-13T19:48:07.706Z,"8 km S of Kapaau, Hawaii",earthquake,0.85,0.72,0.089870729,15,reviewed,hv,hv
2025-02-13T15:42:21.492Z,36.5777,25.5149,10,4.7,mb,38,96,1.383,0.9,us,us7000pde0,2025-02-13T16:10:36.040Z,"17 km NE of Oía, Greece",earthquake,5.23,1.545,0.092,36,reviewed,us,us
2025-02-13T15:40:07.650Z,36.5561,25.5398,10,4.4,mb,31,104,1.371,1.11,us,us7000pddy,2025-02-13T16:01:34.040Z,"17 km NNE of Firá, Greece",earthquake,5.74,1.897,0.09,36,reviewed,us,us
2025-02-13T15:08:11.099Z,-6.5299,130.2826,150.154,4.8,mb,47,45,2.03,0.67,us,us7000pddw,2025-02-13T15:38:07.354Z,"290 km WSW of Tual, Indonesia",earthquake,8.63,7.211,0.076,57,reviewed,us,us
2025-02-13T15:05:26.888Z,55.6986,-155.0916,3.4,3.3,ml,,,,0.62,ak,ak025210lw59,2025-02-13T15:37:35.040Z,"150 km SSW of Akhiok, Alaska",earthquake,,0.9,,,automatic,ak,ak
2025-02-13T15:04:07.539Z,-15.654,-74.2785,58.926,4.6,mb,31,149,4.414,1.06,us,us7000pddt,2025-02-13T15:45:04.040Z,"18 km NNE of Atiquipa, Peru",earthquake,11.05,8.802,0.069,64,reviewed,us,us
2025-02-13T14:10:44.120Z,18.11933333,-66.75783333,19.6,2.56,md,17,81,0.1039,0.24,pr,pr71472688,2025-02-13T15:06:01.125Z,"6 km SW of Adjuntas, Puerto Rico",earthquake,0.5,0.4,0.16680905,8,reviewed,pr,pr
2025-02-13T13:23:11.490Z,18.1193,-66.75,21,3.06,md,20,102,0.1628,0.2,pr,pr2025044001,2025-02-13T16:20:09.485Z,"5 km SSW of Adjuntas, Puerto Rico",earthquake,0.41,0.93,0.13,13,reviewed,pr,pr
2025-02-13T13:03:18.310Z,37.64816667,-122.051,5.49,2.58,md,129,33,0.01212,0.12,nc,nc75132817,2025-02-16T01:11:04.644Z,"2 km E of Hayward, CA",earthquake,0.09,0.18,0.159,94,reviewed,nc,nc
2025-02-13T12:18:38.546Z,-20.5962,168.8718,10,4.9,mb,48,91,2.405,0.99,us,us7000pdd4,2025-02-13T12:35:46.040Z,"124 km SSW of Isangel, Vanuatu",earthquake,7.28,1.901,0.092,37,reviewed,us,us
2025-02-13T11:16:10.134Z,-0.2201,29.7119,10,4.7,mb,40,55,7.593,1.03,us,us7000pdcx,2025-02-14T18:28:57.563Z,"57 km SW of Kilembe, Uganda",earthquake,10.22,1.894,0.093,35,reviewed,us,us
2025-02-13T10:46:58.495Z,-24.8874,-70.9863,13.846,4.9,mb,53,144,1.296,1.11,us,us7000pdcv,2025-02-13T11:27:36.040Z,"76 km NW of Taltal, Chile",earthquake,5.27,5.311,0.075,56,reviewed,us,us
2025-02-13T09:51:29.740Z,40.37016667,-125.0068333,10,3.07,ml,108,240,0.5143,0.35,nc,nc75132762,2025-02-14T09:12:35.040Z,"61 km WNW of Petrolia, CA",earthquake,0.63,31.61,0.124,14,reviewed,nc,nc
2025-02-13T08:30:21.483Z,-32.1052,-71.8252,29.805,3.9,mwr,31,139,0.725,0.89,us,us7000pdch,2025-02-15T06:48:33.040Z,"67 km NW of La Ligua, Chile",earthquake,3.86,5.964,0.046,46,reviewed,us,us
2025-02-13T07:33:56.124Z,-16.8794,-173.5209,48.696,4.5,mb,38,110,3.396,0.75,us,us7000pdcd,2025-02-15T07:26:41.040Z,"106 km SSE of Hihifo, Tonga",earthquake,11.07,7.571,0.106,26,reviewed,us,us
2025-02-13T07:11:30.608Z,-28.9908,-71.3769,37.903,4.7,mwr,50,141,0.593,0.78,us,us7000pdc7,2025-02-13T07:29:17.040Z,"75 km SW of Vallenar, Chile",earthquake,4.62,6.812,0.047,43,reviewed,us,us
2025-02-13T07:06:35.660Z,40.27883333,-124.5711667,7.18,3.34,ml,60,243,0.1751,0.23,nc,nc75132702,2025-02-15T07:41:08.040Z,"25 km W of Petrolia, CA",earthquake,0.38,0.68,0.193,51,reviewed,nc,nc
2025-02-13T06:52:05.170Z,19.197,-66.5841,30,3.55,md,23,263,0.722,0.33,pr,pr2025044000,2025-02-14T12:26:12.040Z,"81 km N of Arecibo, Puerto Rico",earthquake,1.26,10.87,0.11,22,reviewed,pr,pr
2025-02-13T06:27:12.620Z,-8.573,118.3,135.939,4.6,mb,26,66,0.576,1.03,us,us7000pdc0,2025-02-13T06:46:04.040Z,"18 km WSW of Dompu, Indonesia",earthquake,7.39,6.079,0.125,19,reviewed,us,us
2025-02-13T06:18:21.340Z,48.1477,-116.3441,9.129,2.5,ml,33,64,0.534,0.55,us,us7000pdbz,2025-02-14T12:07:33.040Z,"11 km SSW of East Hope, Idaho",earthquake,1.48,8.476,0.053,46,reviewed,us,us
2025-02-13T06:05:09.603Z,48.1526,-116.3662,9.78,2.6,ml,24,73,0.518,0.71,us,us7000pdbv,2025-02-13T18:44:46.130Z,"11 km SSW of East Hope, Idaho",earthquake,2.3,8.524,0.048,58,reviewed,us,us
2025-02-13T05:49:50.373Z,41.9312,-119.589,0.9,3.1,ml,5,129.34,0.532,0.1132,nn,nn00893448,2025-02-13T21:12:28.120Z,"47 km E of Fort Bidwell, California",earthquake,,3.5,0.23,4,reviewed,nn,nn
2025-02-13T05:40:27.103Z,41.9459,-119.6213,1.2,3.2,ml,6,118.39999999999999,0.509,0.0822,nn,nn00893425,2025-02-14T07:48:15.304Z,"44 km ENE of Fort Bidwell, California",earthquake,,2.4,0.28,5,reviewed,nn,nn
2025-02-13T05:06:25.077Z,55.2536,-143.2896,10,3.2,ml,38,243,4.725,0.57,us,us7000pdbk,2025-02-14T12:15:13.040Z,Gulf of Alaska,earthquake,5.06,2.02,0.074,24,reviewed,us,us
2025-02-13T04:17:07.470Z,18.60066667,-66.61216667,13.72,2.74,md,25,207,0.1458,0.19,pr,pr71472643,2025-02-13T04:34:11.520Z,"16 km NNW of Garrochales, Puerto Rico",earthquake,0.48,0.43,0.062606485,8,reviewed,pr,pr
2025-02-13T00:48:54.283Z,65.354,-168.4345,10.059,3.3,mb_lg,33,244,0.296,0.62,us,us7000pdar,2025-02-13T01:01:23.040Z,"32 km SSW of Wales, Alaska",earthquake,9.58,7.999,0.228,5,reviewed,us,us
2025-02-13T00:48:14.794Z,65.4053,-168.6352,10.571,3,mb_lg,19,263,0.334,1.17,us,us7000pdaq,2025-02-13T01:03:56.040Z,"33 km SW of Wales, Alaska",earthquake,5.84,7.737,0.208,6,reviewed,us,us
